Date,Timestamp,Total,0,1,2,3,4,5,6,7,8,9,10,11,12,13,14,15,16,17,18,19,20,21,22,23,24,25,26,27,28,29,30,31,32,33,34,35,36,37,38,39,40,41,42,43,44,45,46,47,48,49,50,51,52,53,54,55,56,57,58,59,60,61,62,63,64,65,66,67,68,69,70,71,72,73,74,75
5/29/2020,00,38019.818222271446,77.70103359033263,888.93115234375,5.264440726819703,279.5832762651338,1340.363015913238,421.06941974672884,162.88188020237024,301.48929727963537,363.79716547373465,327.6719667293884,112.5557785799007,1003.8781013178084,2776.941276091048,1020.868954470564,371.29292924289024,93.80095973389432,461.12217330003637,952.2841630722188,5.8499702811577015,279.4523719598878,1805.7650393322272,280.9890405612738,341.7294578106202,6.20274777646744,1187.6124369634385,170.44742554511419,70.3147860664389,11.433649200706869,38.27172300132581,1060.6225334449325,306.9484721694831,80.24752767119388,259.0171170089632,2326.220567747927,280.5070554750891,198.03117423854758,277.78095322362657,967.419629479608,56.35368276094899,329.54074550678916,267.9002166855053,208.31863883656865,386.20629865209366,291.23140065071664,64.12225457216982,417.7195643782112,349.7570238982135,79.49397579761164,22.06970211863929,214.97091522624916,10.739853782955427,120.4715467257425,37.20285574336853,1616.2238108775614,118.43992820662572,295.25988582461224,202.34469740590526,733.5255246525768,702.9715164213031,870.491177190621,279.34421662267624,155.2118760182556,2637.180172153633,35.19516169094899,435.8227051057971,180.70372691247658,347.8203227172809,1276.000993812456,2271.154774534225,1048.0837947141451,56.166305371579035,106.82990871467764,33.58027400518446,473.642860515058,128.11612831578898,243.24912211472943
5/29/2020,01,37648.72893757265,79.88429988619204,888.93115234375,5.124376402440324,276.9820809234254,1308.5663830782626,412.71060069885885,149.89751265504518,296.10524676872905,368.0885004281369,326.14047264457383,107.47091029382672,1007.8876461928273,2748.392642325284,1018.4904616762976,486.6123008519799,91.65619557194599,464.75797652132144,935.864357528342,5.467421670629591,275.228191487746,1791.0462845054155,281.0164207980185,562.1239654576274,5.459099646581167,1136.9935576170708,159.26696043127257,70.21684852554804,7.951091621810474,23.744519979231033,1035.4921172110955,293.9497110380771,76.61753329783802,258.4130050581081,2311.214492379718,282.7275459575781,200.3662171449087,277.6835481928529,949.61465255776,43.6141415718834,304.1640093304662,259.8640248960809,212.17166317550902,361.1421095410733,282.29569960288444,58.78075926502417,433.54978589810776,349.67212835941183,79.84856100871723,21.42760866098983,210.80258511728826,10.263558868584317,120.72805462407258,35.53128169750421,1536.1913532709461,117.42412468626028,281.34323202707037,211.81293167040317,676.342680290214,698.3536315465947,855.2932406676175,282.5480756195059,138.3132323983523,2625.411879095289,37.13190252013567,432.3070044280377,177.25623698185046,343.8326114449321,1244.7260287806982,2230.2323014657286,1018.2072645522965,59.01335231332301,105.62573335591513,32.947279041214124,440.521290182586,115.04263902455637,226.83863922138372
5/29/2020,02,37440.70243799056,76.7949656950876,888.93115234375,4.7850389986150095,277.2311166434108,1279.4064178175647,422.44511240463936,139.65645509701724,291.4034312347528,380.7634165765686,316.2699821669632,109.60412536640713,995.7765833961937,2738.4861505665413,1011.4399988210204,697.9831252002155,90.9988603486912,480.0136000869564,877.1222547473413,4.954202402070594,265.70200817244324,1765.5661980556936,282.09869080350114,796.0255539681433,5.566546642692467,1117.1339118380195,157.5599834670279,70.44812116644927,8.050770274240406,27.57443701137689,1034.5866657986194,291.56509435796033,66.9268234881435,251.28553979953307,2321.4724513337706,278.19509414784716,196.1645861258824,278.84162674643926,943.5721152121193,39.67466016646319,271.5955095970293,246.4836325625935,213.316451579208,351.6851354871814,264.16951275354455,59.300795565513155,356.3127947308915,323.89048142198016,81.26239086889602,24.7494502418888,214.55235207808516,9.523847700692494,121.12835887779131,34.428626454512326,1488.1991985008424,103.43518730844494,276.13113790165625,217.67753422831302,673.0152757025547,669.5771729991827,900.6109524101818,275.3780543982154,121.9876590655522,2620.1441417600604,36.20819767677335,424.8415868755454,181.7155289830363,344.04980298853326,1240.7764521992551,2181.9420525692503,984.9292642227948,58.776568518720744,74.1787807638716,33.48853416446895,423.57659202296065,45.89103472862335,209.6955195917573
5/29/2020,03,36553.47253474434,74.07275543374094,888.93115234375,4.8387527306265445,271.307130131268,1275.91363792661,413.20818181101373,143.1854657936219,276.58552699384154,330.408060628603,316.9033394433925,104.22252747851307,992.5292674241916,2671.9850935091,1009.3789668969988,393.2599195154277,91.2749927763208,470.7883735245045,848.2635695346364,6.585264485849483,260.6254461003791,1747.478515034557,284.1273631589199,694.1324648797653,5.681917507657932,1108.4923307613274,156.79181079779468,70.7274771560678,7.793541035832927,27.59738398750064,1037.490294094633,287.23786703549587,68.77737614424065,255.65287491387087,2339.8045805723928,276.9858310515889,194.8774593780064,278.3416248320469,818.1638981396711,38.533598620369894,245.4553799375702,257.0406491635292,214.3645976848344,347.43313668077417,234.81650123228638,58.76912215046653,349.120557427892,311.1817107300258,81.91563021587996,24.655170688653868,210.71571011903006,9.087378089792363,120.08250526483215,35.826934270842756,1499.7878960162675,89.56674883725495,269.26336506604616,219.95544366788727,691.0925290971544,666.5624300754114,915.3170335065506,271.1266089395063,109.54624473339442,2615.766820940273,36.18355460370697,424.47309634140083,177.40441537877362,353.97183623491867,1227.3102565520446,2204.769441562503,940.7726961099902,59.43767146332775,76.24648319862608,33.596600833798234,413.13465383898574,45.252433565827744,169.51365694013975
5/29/2020,04,36235.048760481535,76.63435715886946,888.93115234375,4.927235629172137,276.424660510606,1276.1227099079124,412.10173432002836,137.79034008420766,270.5780570032797,308.9945766244716,314.59553354625785,100.19333787558061,987.6103866706592,2618.642273099088,1006.8783694352252,370.6617923710107,91.11366924845508,471.5882847390647,852.8713532157096,5.541764942710733,255.49459587246966,1731.246845284285,285.43601759259917,686.4091519847053,5.593044806233845,1113.6103072216144,154.86856828893582,69.90999037944988,7.898534378424636,23.653369498031864,1015.5314883898263,282.75198736248495,68.25815447824286,249.00826695203781,2325.290234596966,270.5328830480451,198.14957305297818,277.2878323086945,795.5097412821683,36.3101880744691,223.0840422600829,259.76080427775616,217.9662785652317,348.2318455288716,201.8807025686007,55.36265559809561,349.2810025448177,314.2082735384819,80.0008839145047,27.95327648379025,212.80672601857543,9.628666456198811,109.70494277183785,29.211819274602238,1484.4000633373942,98.49872712294487,267.66639978091143,213.8686630647411,691.4887065362531,653.0272420861638,919.2589754401697,265.6597667092749,101.11405411225223,2628.3168753859763,36.176658331405605,433.36077840511877,169.92574251098216,324.47932553049543,1217.7036228230795,2240.2938361850693,942.1514661581664,59.15341090086452,74.99334277692006,32.68921965830148,401.0011876561803,63.97149050347905,151.81492208522067
5/29/2020,05,36403.153742566654,73.9817463335942,888.93115234375,4.987711303226976,262.5708400888348,1297.9538389223815,408.87704853428863,137.24569235273034,268.1804950591224,289.81504585525374,320.3781463086148,97.93342989209391,983.6580149702638,2665.5726827818794,1013.6362669857873,363.48025779361234,87.46912535706525,468.2228557394889,851.4524491251285,5.516201675931523,295.44678408875734,1749.3915810018784,285.48345821136763,739.2346626498141,5.455747588392012,1117.5684885936378,154.81313398382582,69.10528240761289,8.042859189058285,27.70734434949703,1025.429187854906,286.96157997985597,67.90483742642851,253.15916058153869,2342.9099451894062,270.5616248025662,195.5849253857296,278.3774976485244,800.1836561230076,35.176776174602864,215.9522909027782,260.59616265156603,213.28547112770318,329.92795881890254,201.96856044961154,59.201739583280705,346.87677037291144,314.77159359108526,80.76651531116904,27.02982391325029,259.60954807692264,9.407894876239244,109.17847221348515,36.3044156811499,1502.1599767656603,85.84163440331568,267.9138509457606,224.02238340277333,684.5503775610798,660.544173996291,921.9031469567976,268.5510699808727,98.76566982417604,2614.207078770105,39.628241428124774,445.6705175085865,172.0850808130743,327.547741459417,1229.1161280218296,2222.7726884277217,893.2686883960522,61.692697166261006,74.68463903620469,33.300973241803646,398.7569768660371,72.01573664195709,140.91551872924376
5/29/2020,06,36873.91251597983,74.18724332452555,888.93115234375,4.879905359469535,272.34486584163614,1292.5693465431011,411.00452166202757,137.5312651334566,266.26578219384885,281.573635519155,328.93059423603836,100.99372189826806,992.8866404443912,2737.4942645782817,1008.247783432908,360.1204253089116,87.31358778341,469.2502784945762,891.5834158928052,6.2773948556816626,262.7586475689597,1752.7962339340688,286.082436897442,722.2828206853834,13.146137431146872,1136.0453734432438,154.32876037266394,69.20557930546687,7.564691526922232,28.18031458786767,1046.2203956970177,280.73569183205,69.87567441225742,246.95559542968448,2301.0434196146284,270.5143209555551,365.0573549115282,277.90607461645243,884.9717013866531,38.718774044804064,216.70228122936686,236.56059296056983,208.23795424902082,332.2411223100345,195.2304231029192,57.21609466241165,350.21202210717155,480.8711414866018,77.00355562609901,34.578219139012944,221.65099013715283,22.461548207801666,115.9033459675047,27.692845176389213,1526.280306093131,114.39882236860771,270.0848221566844,237.5313653222747,689.4686802024969,665.8823418727916,906.2849619141168,268.12851289938226,96.11221272237995,2619.581059008221,40.64857085166996,463.813945246409,168.9861640695974,322.6552950276208,1222.6551208720175,2226.9240925919453,882.1409505210121,62.278744316709464,73.95023103412319,31.975448241704612,406.9458125335611,37.97526979477284,135.87182645652584
5/29/2020,07,37209.212807974014,74.02526090486054,888.93115234375,4.628004072771369,270.2566761653748,1278.6027724335192,417.20106006388414,134.23766681908094,258.9357562118067,276.81327386552624,324.6054243818427,104.05370599283512,982.6485844100816,2761.8490345107484,1006.198226224964,359.85035819774095,87.41075401169913,494.84266064351647,858.0241653074347,5.458119756816234,252.77626894432515,1749.8483233733093,285.7338397424904,704.2283821119956,6.8868151363164065,1144.355284293148,154.56099920875297,69.61400431730158,7.799268684324621,24.952575201097694,1016.3319556912444,309.3475150857665,67.89789673847054,251.73460301926895,2287.2149291557243,272.1567923504171,202.47917968447703,276.85030407159746,920.1759149625373,59.15686061798435,222.54619588374362,251.1780396551453,216.59574531585892,331.2979530305782,212.6922051458903,56.85616615239104,670.3782058599777,416.4629077054821,79.05218534311348,36.01719520551924,210.69491783368423,22.626704749624032,128.13309166882024,23.737704263050162,1505.2978802126113,97.48240554848002,267.97328371394457,239.04686778826385,694.2160020614143,685.6375732928426,909.1926488818277,269.1488389549903,94.74097088654354,2617.918666116262,40.796241363983626,487.53181913091834,169.06655916212762,323.1142097611072,1221.2917109679386,2222.640603569595,904.1242870278734,81.95816545582885,76.89200558739202,33.390640801650854,397.8774903021337,142.54321212755656,196.38713873703705
5/29/2020,08,37812.86374725074,231.40417156900003,888.93115234375,5.859144806497384,243.82406604024857,1298.5990017895551,414.78165435922296,135.00494186639298,237.5636957649632,270.5648879226446,348.2864508444813,104.70510814582177,974.1819607950674,2745.5715841717238,1012.3002451036392,358.5188201091893,130.6688085822671,523.6033447858687,855.1610569406552,4.203654071417162,241.9088532507466,1751.9714976219861,287.5674793586801,667.3306377962832,9.365347953598642,1165.1526621788694,256.8514670769527,70.96471847940721,7.861447704270692,27.32540268623807,1089.8052103793993,418.6006291211956,59.982696526173505,244.95637249254398,2333.629002071949,270.37858870720896,184.03387911767965,282.3125981814659,918.3413211810573,103.67524315790013,212.4190820766336,260.42575576952555,202.11082889271825,332.36071382342664,291.6407611807979,55.0866558228615,420.7202495224283,461.5519613531922,76.54640583252886,34.53272013690492,213.0812108477781,22.19660884431884,124.48675767328079,20.293276099548372,1551.4104918792345,85.33671193680745,286.37244921565565,234.50068866300361,719.2277080980954,667.6783491847531,925.0301976905253,272.5761511869424,95.0199399556403,2621.931203416685,39.91535315405135,553.8602268094673,145.80571656794484,316.03773532259163,1242.7043481366409,2287.3300760719503,873.1893358256514,63.148049937043545,163.59715714423245,33.070651253232064,415.9461888475991,142.4315835299495,173.5416404910805
5/29/2020,09,38462.742578589794,223.38821297543888,888.93115234375,5.250359212286689,130.09233116207548,1387.7965579796635,408.8073996006085,142.68919593450863,217.4644135644075,271.15936016225623,375.5126171239593,116.86370097867031,975.1050082856957,2807.736192602309,1027.3505084732244,532.0659805069971,111.82082023806059,526.2707307257391,853.7116255220845,2.8626937367371608,241.44270429998988,1784.9977991569729,185.1426329990706,858.7881915896547,7.962810582629554,1156.1769357011965,183.48317183181462,73.14197850557916,13.432136098008597,32.048330866152405,1066.086046652793,420.21133568107325,73.36322328046236,244.80923352328068,2379.8565892978477,265.4651507870549,190.48674309140912,287.2883910407993,946.7081213251927,101.21552128824354,218.6234727927253,144.82193946744596,207.13025068420842,378.5305020344521,325.4183604952243,32.110401438089944,410.674509236623,484.35250768874016,78.87501714602503,57.63479033962265,214.40768915609848,29.236871060178967,115.55907869387421,21.941941804834453,1616.0232845025287,97.92697306647092,318.08796960909444,201.11786312757243,736.2966888409488,673.2243133821655,937.7059559798143,282.08483659130235,102.95886855499441,2642.7451760150907,39.667224014020185,590.8434573820638,144.2468016789825,321.91960007924445,1235.950925567078,2347.3647424274704,962.8368013456984,58.601331830238436,106.49027225625885,31.46685428820139,452.1772329706781,120.2263822341144,206.4757820799299
5/29/2020,10,40072.026193485,202.75068741785358,888.93115234375,8.771166872081153,114.85261323554028,1452.7243411499114,404.07119266106173,155.4455554934495,198.39667783321926,288.7571963374462,402.7053132664278,108.53650432143029,995.5428902035028,2898.669529029274,1051.9022609892472,754.1622356905483,110.93858573426596,499.36226839083787,904.4353892218747,3.234946742521997,237.8264706253308,1811.2540139001126,129.5029944815018,852.6565524637068,15.001582315585294,1176.6296053666067,182.7755385667821,70.84687306332229,26.39320168430204,23.745397235812035,1118.3390119877763,393.5207339505398,72.68653024924792,281.1760018603291,2495.56824337535,268.32618327161515,224.63665783451984,275.5077267582768,985.6510617769084,172.36667843424522,241.4998142383745,131.4708177197608,211.06281169292046,352.0216745579734,370.57594999055686,32.89632543839077,398.08045368036034,532.6477974101289,82.57064072137159,54.44702012754747,212.0102266928328,35.54062279404564,125.11852721427802,42.36053101665444,1729.567091922176,120.57020845264674,631.1518226818223,242.7190182811583,734.7907259318156,696.0445036222193,947.457703932734,278.61640098999203,108.27605279637636,2642.3537907966324,42.575183589644325,586.1507278460298,162.6037263621592,336.8296893352089,1251.8496110415301,2359.9658078001803,1045.1228413768704,60.71065749968112,110.92169646832942,31.90411528557897,456.268892475533,128.6498455505397,286.02130001481925
5/29/2020,11,41439.37809501136,210.8317528464307,888.93115234375,9.95481101601425,89.19353552307358,1568.0887914687235,388.52952228105187,164.31097040189542,168.21907664707442,302.90770239734525,399.79085344636144,114.23008449370985,1014.0496014918125,2982.4990490328246,1069.6723753467472,761.3520311522823,115.65914071977552,512.940142120689,949.1258228786733,3.7138547091352008,243.41111988694908,1849.4898491950546,282.4482968733724,837.4629455731726,11.361775123578287,1199.4034251635333,348.4128408577449,71.90697073186944,53.15081297218937,28.28363780376466,1111.3015673152436,348.68674208153084,70.95455914250269,287.54369559571614,2534.8609112725985,279.9082117376267,238.34164276653908,283.32720398357236,1024.9256788829027,199.6988801092083,323.67696197684467,163.79750547690202,263.8808068950981,412.17063541199997,385.1070682010565,32.162733773399204,383.1223588821478,545.4625669613383,84.56026896748658,50.30906872742281,217.52475233495187,37.438420526038776,230.18525787224786,41.922459624563345,1788.0533214997008,122.23202637641698,631.4885819174418,250.20687193949712,793.4503064037198,719.1117941565125,960.5283395895852,274.56100701263483,104.73135926825942,2643.5672468881453,42.087870438112546,541.5065975453363,200.40073712570458,335.09726247057165,1277.1149551527628,2400.745440894364,1114.8246298308375,55.742245542068844,104.51725557284071,30.93073544799241,502.26709229671565,116.32838951329737,239.68212511130744
5/29/2020,12,42051.30788743656,226.92920464557656,888.93115234375,7.917382520291366,75.86374513263134,1594.3889015336092,359.9389700277825,174.20128030599034,132.18308828935338,309.44785080138666,390.53270878099266,125.2794124140374,1013.2465381392636,3045.087172034003,1095.914208178521,551.051477535582,121.00592621130554,495.7015852467337,964.6991698538319,3.4110740145512968,248.41263522481563,1928.7776648221786,133.94995214920868,1078.9710985016793,14.073269499327473,1189.6833740021289,350.2912706634063,72.96438630360906,61.42122935421381,28.182422673634616,1130.6284240087498,366.5760130318536,207.11804274826991,301.13782310441,2598.192118222461,288.09123566881215,229.84997428282762,287.903363330091,1059.8210917892916,204.97597457447642,275.59413078727454,161.20353736218615,241.97225429494182,381.55733980778234,383.27963768200254,35.683097399651736,380.0992119523125,547.1374460502161,83.49454972091408,51.99562572658308,224.26318951512584,40.05720635911976,186.0826375131179,52.38147705624225,1852.939608441,152.68418542203858,647.0939280762534,252.6771763865726,818.4503482465161,743.3033952805192,968.1537002891259,278.7356986821466,115.43453600000947,2644.3792292365065,63.95741395816004,567.3290078985523,175.63230406040523,363.2254834217482,1347.4218619919893,2412.943651569808,1131.0606651796445,51.5896905929834,102.79966777952455,31.90645379580579,547.2749906896518,103.30968045337866,277.4516567921084
5/29/2020,13,42291.13852206789,243.9031639795439,888.93115234375,7.613856539579205,40.381227770943546,1556.7334014911214,345.65252082585243,176.66877154183288,108.69213622886141,323.72667636212617,383.3944939047482,141.6676620085881,992.0830331022577,3173.2603093994016,1106.7630835788311,379.3472500174672,158.57142826412408,467.87657563319715,950.2860749061716,3.345444757909127,260.6208471692453,1973.8203319293045,178.53866960295585,1129.5388633850453,15.078663330206561,1213.0964180943402,350.71074980961197,73.08119040591791,51.42307034374286,28.341076283446387,1192.6191568481888,368.1305847952067,96.53700426053595,290.11127389037006,2578.017451932142,289.8745735362619,220.9360387549885,286.73071421098234,1073.4797703535573,211.20040936070743,302.4469332703768,196.85263111713383,234.80029578855218,404.62029641706187,389.0646427100359,44.957726504207876,376.81390258407373,526.7573665727708,82.02177919988927,56.069364242195384,255.30979375262422,45.90685978912011,165.1382761880483,34.73817578499234,1899.9264112290725,136.22554954215806,673.3020798931699,232.26407147501396,821.8104160184712,762.0664449952078,983.3763370696072,298.364005113792,118.95074609473721,2660.544373305337,65.28878483442094,509.7425947426715,173.15528305659714,356.8178642784218,1384.772614930268,2445.9263288578227,1151.9856936927256,58.07519970921914,105.50898388494677,30.546067857636814,560.7063782572596,97.41698920587842,318.0821391493201
5/29/2020,14,43452.173197391865,285.35432037482764,888.93115234375,12.777675294405448,30.013043006261192,1584.061819092223,345.8222996582299,183.4120042589496,127.8212680271283,343.75931748129256,388.3619989417977,173.30714125276097,1045.127196302571,3213.866685570861,1117.4118850241857,391.50492285300385,127.88928009654022,476.65709413895325,933.133395810921,5.260242439172879,269.2111644651505,2008.595854707253,204.84140457497656,1116.724379219108,15.962198749932845,1232.3309972765028,325.34995505519663,73.36933831056413,55.53904931939179,33.75005828383815,1184.3606439081748,373.7324052926387,72.01172265428822,293.4035344335965,2639.197497712525,291.50712995828417,252.7616170358511,293.3779403271328,1079.579402572268,220.04237549709458,341.5903955074647,200.00204791911145,248.95099216377463,409.1983203943928,386.50868757528366,50.621529243515816,378.98775066632834,528.7932877860821,84.63239966262213,76.57343983099666,238.9759540520625,49.76020297387003,158.18366421493116,21.837628676766553,1921.704442393172,149.0409101788789,1177.0247181505513,230.0246327526532,880.4077723742447,766.4136391514309,944.1763858838964,303.96892454399034,123.67155543766195,2651.086526648818,95.32760280231581,495.3419388622435,176.38789576966187,386.9488005039869,1406.6363981157913,2488.237165310456,1143.026940753359,64.38640984590783,123.24285547553193,32.47913953017551,594.9852061743437,104.04928312977152,308.86634161420733
5/29/2020,15,42813.602332193,281.469874112378,888.93115234375,12.26697242797485,5.936117966969807,1610.8372730535916,325.72356342394835,185.45341693075642,128.14670814206048,387.05433249334715,370.2578447571704,184.42053389660182,1031.7590471863714,3290.528965768157,1108.45223377846,387.00010046638687,130.56261084866804,471.47267801748507,941.1019027296306,3.1465503667585666,273.2183301141137,2024.0200743720056,119.34760242362715,1134.9611206592626,25.901738879649645,1246.634991408361,317.7253697723478,73.73531577647162,48.26520121680903,34.383520519096045,1174.724409957448,386.99646353417535,79.25404986456138,289.11987731521987,2611.4918390110997,307.2200786855976,291.73337495000374,300.35157997123537,1101.8678782741085,229.94405211820452,350.13273559046263,168.86879424328689,243.82795637787984,433.48175437375056,386.1455383676864,51.51382272930566,384.5032409494052,514.4559006698262,84.94714331885882,84.07281268330328,219.83374476788555,59.369072673823936,115.04652902070042,30.07790155219019,1954.2210811689954,167.07107245341587,748.4667405638637,223.26861101967685,835.579908655867,758.9449829606558,903.8373590433605,308.7746111785256,131.00212168356342,2465.940497135072,90.1030455355192,510.735835087114,166.52029410925473,375.93257931252157,1408.6075927975767,2447.354882946507,1157.0813090360045,50.00577164269102,124.9644351003493,33.025801427762644,600.3328745531403,106.26867250808348,303.866557421227
5/29/2020,16,42418.49484312724,294.98996986910936,888.93115234375,6.278649052578082,5.6904664039611825,1590.2258302568107,341.2769094617547,178.8075543416416,127.54614048709352,379.1796336129936,372.61671087135596,184.18143833773257,1045.939410596122,3179.3500097595092,1086.9857756166593,392.66996637699316,128.2322082939533,447.9585764915381,939.3607188733192,3.342691201655708,273.49882974174415,2018.7026566433926,211.6502366342221,1136.3576623917959,26.883467443094148,1280.266266169594,319.9135287358848,72.72496484606836,70.61803407242785,29.78868992507573,1187.1423913999272,391.9943515221396,73.18810138692804,302.821568208301,2586.625272841621,307.1411096392604,217.43193248163644,298.5057069284468,1085.2587710587043,226.7783684880468,366.3204225337063,187.20194139519398,251.34786610595745,442.2182655747611,382.64540793938124,59.04655951897347,389.5511971699957,481.7845429208266,88.23294154353907,61.86776924296952,217.528565464177,59.182009448459155,114.79990067049215,35.72484774241077,1961.460431764982,152.46648656543118,318.84018896188417,236.75791171394084,816.323866620628,759.3949317312176,917.3904268526953,310.2678306377572,136.60404309128077,2621.062655002621,83.94586147550083,474.3902760852443,151.80137317485796,346.355700489598,1417.1697612492906,2474.680534021715,1166.1574872079614,48.77174999525298,123.0127117181464,30.895114740859608,585.6281429361842,114.51695522027487,322.29244179223645
5/29/2020,17,42268.58241157948,300.76189912175704,888.93115234375,6.257761987946092,7.856102058798933,1578.8537594488225,345.8910541340862,178.2124476404654,130.06558560246327,398.94585611362703,373.4956245448716,190.78417188146938,1022.3870382525156,3030.0028134006297,1087.3443410098873,402.81390069675325,126.02919222787986,454.75784545316543,956.9475905175959,5.400488796947938,273.26819669825284,2015.2927887285055,92.70794459236036,1128.0385834056315,21.932703097597624,1280.5270119628292,193.35726656091882,72.3032595184658,80.97594797186633,65.15140777070447,1162.6473040749988,390.8274330573437,70.03017970066286,316.5108129948758,2595.64198860527,306.79467186972755,226.4675883636444,291.10913801443763,1112.333593410753,226.29886105348822,363.0849905946348,184.1982545466386,244.6166489357436,456.80987484839267,384.1885582093444,63.79782757772314,391.42558664226783,481.8680731529457,85.85871246462958,63.79115000844172,219.2130924352488,58.467463946273526,115.59753061244554,31.46147087573131,1988.442193291665,145.70338978666942,315.52210449841755,237.27588190682587,830.2070998472702,773.5138263989099,921.9900759276607,312.1050228628093,147.74203548039014,2632.655973150669,91.86833557222027,491.27064355799837,156.95562216152132,348.05549706170603,1444.8349848516589,2527.209630799612,1137.3304381471532,49.43966618763374,110.43905529677406,30.31420309269475,594.7261332915339,113.81821737660452,314.82783949485895
5/29/2020,18,42099.70250450049,304.9455244538165,888.93115234375,6.273423813319726,10.453665445734199,1581.2161808219823,374.24062605836184,186.80675480740163,171.27123313248512,383.42812659266326,350.85344356029435,202.74994845831,1017.0810980458568,2926.450078821986,1092.7042771164208,403.0506703378834,124.92199809522177,484.01375691111684,944.8881143753216,5.637537394688425,275.7952472428952,1996.6580169310676,152.5689044506637,1121.2863800729867,21.44272061310112,1212.912411429801,192.4848984472881,72.11335183046263,86.58444863794121,66.53166873127789,1241.5393285079836,428.1883700969484,71.09675020864887,296.6078248690308,2572.444266710794,301.3182062990403,206.30173153913682,290.4820241334744,1082.4387666215437,228.3667215443741,364.4879474616461,163.52401480012566,241.98239663464162,434.55513350234594,378.06144546643617,55.983502709199705,389.10994821129,471.90255836542036,84.55387510699181,51.825376850100525,216.46252424109343,58.30630683873872,117.64570787894877,28.940581459717738,1980.0194884608936,132.35574690774587,319.88856636115804,232.45595272546643,834.6329893128445,765.9427574622229,912.2275410532233,311.7603328194034,152.70586132345787,2622.2414452727608,89.46982988217839,529.8599476629289,151.8072027547319,339.1414450516637,1403.3143694119553,2537.052778460856,1144.8846534541678,48.545486108438126,109.1691648531895,31.48169589048284,607.9706038980706,101.56870479284109,306.7849715480117
5/29/2020,19,41085.951586696436,311.51016048088053,888.93115234375,6.820721268753588,10.620035720387557,1551.1075293811625,395.7397106400475,182.68923018128228,208.75615720553813,351.40975263140945,341.4571931874678,158.06862214420298,1013.219437547,2841.2851461569703,1090.4467650385432,396.5922626077738,121.46203260191722,502.43074137196953,980.0062160934424,5.759391998883954,274.9428411342973,1947.9539814849545,247.6195466582546,696.0916197716368,22.60913963374773,1202.8337165692,189.9955012625332,71.06079315049537,83.67501631165202,36.81017307978233,1168.787831820931,435.27549188045333,71.43414201793048,248.1616415652235,2555.9147249678795,301.9787355777277,156.25291444065013,290.64979714227906,1043.903904475175,200.26135922098686,372.5359570085328,172.70337921218947,242.81346263957198,446.07096496287835,357.10631349507867,55.51349144412274,349.88213096482923,373.8053222044998,81.5199952525579,49.18267390086685,241.2582828825241,48.23731920726152,117.8779278791003,30.505430196259645,1956.575161687755,144.62297330215824,317.53623985020664,190.86574877016295,843.4032272132966,751.7994365658435,901.0856360040938,305.9215292205342,148.02251208901453,2619.4238569247477,89.1813725159107,533.9561392731426,157.58270726706846,355.4089340725757,1373.701281546752,2535.9977932089632,1130.8864392211785,49.23780868203326,106.73065455320324,32.2074969522229,595.4418452116017,94.91390057387629,307.91110997266213
5/29/2020,20,40322.35406671409,285.1437088427056,888.93115234375,4.793299953957386,85.54803996072332,1447.360924107101,432.2818285308754,172.8220221776338,246.30039925384446,382.27928225477285,342.38441151758843,133.18849997403484,1000.2929254306564,2842.5578679538544,1051.2423334668554,393.1063644096372,124.6608505053918,538.3983573998108,1035.6265373268552,5.313455725539652,276.0905581984042,1899.0293277103451,69.00903067187083,663.2189020481133,23.154530945217786,1169.1518516058975,307.84182554287526,73.72081940763252,80.04515439578155,33.09496579546525,1138.2540692035454,417.9293020803771,74.74879561431534,252.9270813958109,2471.04257019104,303.44228441103155,154.69085045217557,290.6770967293341,999.8790892523764,139.53666405470508,352.57905808782624,175.84485202972763,251.6961140492794,435.13759092401614,297.61880073605624,45.883590020163545,354.9131163414105,366.4045465087253,80.12313510318684,46.09668161364832,260.8775554226797,44.922019358723794,118.36265599478666,22.76492005842289,1908.0893904914112,132.57938960612645,316.0075455541466,133.94062834261186,835.4397769590905,748.8995435827932,914.8237440654464,299.43178287093656,144.8108397082602,2626.5773684302744,67.99957044768699,533.2087859718634,149.39279453077475,347.31611637594193,1337.3987380991991,2507.5608125131907,1115.2875021548093,48.95764141085642,114.13885295440821,34.61832705373832,531.4002150158092,88.80822532074828,282.7248081634084
5/29/2020,21,39164.02745597343,84.64717838361307,888.93115234375,3.824447778939964,134.11434948748942,1407.2909046957986,437.4053757851413,166.21676484171434,278.9410275037594,373.40325114546755,334.6564371384293,124.17511157259842,1014.6431921708536,2836.5380938070793,1028.3940846528576,385.3284532964233,119.63335120486867,552.7123150590254,966.4364159853553,5.358589539022549,271.6232017649346,1871.12395752302,147.63372437485398,357.2149296356684,20.284239691756486,1189.9671253955169,338.65356971431214,71.05924749116166,32.89708824925169,35.22448566705191,1109.7226063293253,380.1609610958351,75.71427942817371,245.17169743673787,2411.8170109731946,290.46242584982406,153.78344012100547,292.45918763130834,982.5493092216968,127.64965639675422,332.02856060717994,172.24988260836406,229.803740707698,434.6628795382768,233.92607141034318,41.04339218056068,353.42316511319984,364.98639775120097,79.32342163311901,31.928323729185212,239.2744006496091,39.321209034424406,119.96185994754644,20.240053666647707,1826.150804079018,128.22796565267387,311.15022648478407,136.1570686527997,823.9883296429068,732.757219148613,903.1406565972653,299.5034979001144,142.61512401533497,2629.2474433568304,48.94329859589118,581.3728050188278,142.20290675030344,333.36123419806086,1312.444925409802,2444.085324116586,1083.9318043154294,48.1409756861339,105.86742336756521,31.8684387978864,511.0763658674049,83.23268033555182,264.5649390227284
5/29/2020,22,38103.43883331995,74.73243021861218,888.93115234375,4.0894410594169655,185.7010583529696,1329.5145076448907,443.33123939171463,163.7330900123824,283.57576363764616,385.6932731167483,341.88570762213726,111.95180013887308,1019.8244444407643,2785.3031823450647,1008.557478193914,372.89730698823485,116.76435966710291,541.8288015773526,943.90824554739,5.55570717915932,274.4780008747244,1810.745071022813,118.11012103246885,318.1738449422901,15.978528719622025,1193.6075249627609,208.45077102304938,71.39411607107856,22.025273042486358,37.30482344698431,1085.0073659538866,331.05791842508563,78.48992872651175,252.57822012908244,2343.319107744775,280.56267659292604,158.73532820659437,298.5338511954377,967.4444230192644,117.46736120745248,299.9219040905977,193.53315893571653,226.67054368279182,371.63947057181036,220.0480119556955,34.865381398828895,397.15930427105684,361.6521762998446,81.31775182074927,15.91740626695239,222.28595949997654,29.905038166420287,117.23217105382976,27.413329796181888,1749.3452575244646,117.04051886900551,300.43440134162887,147.0447049324989,816.3950707015483,721.6321337777762,892.5198482601787,290.7579819555505,139.28959892542102,2633.521643296113,41.06175380242018,488.08414968955213,154.0247717053628,340.1573383012393,1293.9750632187895,2346.6848504127256,1054.9066040230853,50.588487432602065,107.31171389496413,32.85852805315742,466.1958950544856,86.2977104501138,242.5059540694069
5/29/2020,23,37793.80641866793,74.93193116590531,888.93115234375,4.709313238150269,268.3137988831644,1315.7634857443825,435.4000390972524,157.13823177106124,292.5002950961844,387.2825668715085,348.16183909425337,108.94008368655855,1010.6892608233553,2805.598759158144,1000.1777878157393,503.927895246291,93.72593806089691,504.87706103802014,927.5850203832048,4.805083809910755,267.9167835573542,1792.3823216812896,113.9631911602686,334.4497438201599,12.475928438421516,1152.9292125506745,242.75621847377036,71.27433223526279,12.77136565066397,36.20551029515923,1067.4850828985743,315.1525978653235,78.83260335144291,257.5392977436848,2355.954390798257,280.99492064168203,162.96594066374124,295.65424599398443,958.9773815858276,47.693129724210536,281.0997048557068,272.044864555942,198.75413544461085,381.8002253978933,208.07556877583946,62.54184312589756,388.3301972755925,343.51191178324484,83.83808497854176,15.814583136840662,221.47180514657168,10.789556282348435,118.06525326888568,22.68740913679441,1689.433675318104,119.52646522551805,279.2613377929736,144.0761943194625,800.5120236878548,707.5357817048491,871.1072740242818,282.55997338875403,129.51110672867165,2626.999014126365,40.609499740603034,455.487862928128,158.83154387344808,334.6829870194971,1276.5057295145198,2269.8965938887586,1034.0701174243516,58.73535129152374,109.91939226333736,32.59844756400029,435.77441181240954,85.59262713613946,249.92012227218763
